transaction_id,sender_id,receiver_id,amount,timestamp,device_type,location,is_fraud
1,1102,5876,4311.59,2025-06-18 04:17:02,mobile,FL,0
2,1435,5004,4224.3,2025-01-31 20:58:23,mobile,CA,0
3,1860,5118,1602.31,2025-02-22 15:54:12,web,FL,0
4,1270,5800,4146.29,2025-11-03 10:13:08,mobile,CA,0
5,1106,5373,194.67,2025-02-09 16:04:14,web,NY,0
6,1071,5064,2985.39,2025-04-08 23:44:50,mobile,FL,0
7,1700,5145,1157.74,2025-07-15 09:29:55,tablet,FL,0
8,1020,5223,611.63,2025-02-04 01:37:43,tablet,NY,0
9,1614,5238,394.0,2025-05-15 00:32:29,web,FL,0
10,1121,5176,3484.48,2025-02-27 23:32:39,mobile,CA,0
11,1466,5778,1705.98,2025-06-24 18:56:34,mobile,FL,0
12,1214,5852,3626.59,2025-02-05 16:58:49,tablet,TX,0
13,1330,5281,336.13,2025-08-03 11:59:33,tablet,WA,0
14,1458,5062,1583.3,2025-04-02 06:13:03,mobile,CA,0
15,1087,5216,2702.06,2025-08-02 23:16:00,mobile,TX,0
16,1372,5853,3955.71,2025-06-22 13:36:01,mobile,NY,0
17,1099,5826,1600.57,2025-08-26 07:44:47,mobile,CA,0
18,1871,5794,3133.2,2025-04-29 17:08:45,mobile,WA,0
19,1663,5688,4431.03,2025-06-23 01:55:05,mobile,WA,0
20,1130,5460,3083.16,2025-07-25 02:05:37,web,NY,0
21,1661,5928,1172.47,2025-06-18 17:35:06,mobile,NY,0
22,1308,5609,131.76,2025-08-28 00:42:10,tablet,CA,1
23,1769,5104,4351.79,2025-01-31 17:45:38,web,FL,0
24,1343,5098,116.13,2025-03-03 06:09:22,mobile,NY,0
25,1491,5510,4374.76,2025-01-14 03:46:03,tablet,FL,0
26,1413,5384,2649.4,2025-08-11 20:09:16,web,TX,1
27,1805,5404,4695.95,2025-11-04 13:13:48,tablet,WA,0
28,1385,5822,3995.93,2025-09-01 18:54:20,mobile,FL,0
29,1191,5517,4989.69,2025-09-05 11:07:24,mobile,WA,0
30,1955,5475,1760.05,2025-11-11 18:42:31,mobile,FL,0
31,1276,5976,3838.27,2025-10-29 19:44:43,mobile,TX,0
32,1160,5708,2015.64,2025-09-11 01:37:05,web,NY,1
33,1459,5862,2404.58,2025-03-27 21:55:05,web,TX,0
34,1313,5644,3141.25,2025-04-28 05:58:37,tablet,NY,0
35,1021,5869,4369.65,2025-05-31 18:17:14,mobile,NY,0
36,1252,5770,4920.58,2025-11-08 21:42:59,tablet,WA,0
37,1747,5436,3843.68,2025-07-08 22:49:46,web,TX,0
38,1856,5022,2094.66,2025-09-02 21:52:25,mobile,FL,0
39,1560,5996,2112.57,2025-07-03 10:16:08,mobile,TX,0
40,1474,5564,3690.54,2025-01-11 04:34:52,web,WA,0
41,1058,5676,1201.5,2025-11-14 14:31:50,web,NY,0
42,1510,5713,561.27,2025-01-30 23:15:22,web,WA,0
43,1681,5457,1779.56,2025-02-13 13:23:32,web,CA,0
44,1475,5082,1443.32,2025-09-15 16:21:31,web,CA,0
45,1699,5144,1488.58,2025-11-19 14:47:13,mobile,FL,0
46,1975,5084,1175.7,2025-06-26 12:29:42,web,WA,1
47,1782,5077,220.05,2025-10-03 02:22:49,mobile,FL,0
48,1189,5456,99.19,2025-03-04 01:16:03,mobile,FL,1
49,1957,5877,4938.73,2025-05-07 21:37:01,web,CA,0
50,1686,5000,2144.59,2025-04-19 01:37:16,web,FL,0
51,1957,5050,1927.79,2025-04-24 06:44:07,mobile,CA,0
52,1562,5684,3401.44,2025-03-29 04:51:42,web,NY,0
53,1875,5716,1099.09,2025-04-30 19:40:03,web,WA,0
54,1566,5771,4750.31,2025-01-27 09:55:22,web,FL,0
55,1243,5445,3933.86,2025-05-11 10:30:39,tablet,CA,0
56,1831,5448,456.16,2025-02-23 19:56:18,mobile,TX,0
57,1504,5880,2093.73,2025-07-06 16:33:27,tablet,FL,0
58,1130,5487,4396.8,2025-09-23 16:37:17,web,NY,0
59,1484,5799,4724.21,2025-08-20 14:03:10,tablet,NY,0
60,1818,5033,2342.33,2025-09-07 22:46:25,web,TX,0
61,1646,5347,3070.92,2025-08-11 09:35:54,tablet,CA,0
62,1020,5094,843.5,2025-04-26 07:53:44,web,FL,0
63,1840,5071,4955.93,2025-07-13 02:15:13,tablet,CA,0
64,1166,5550,1166.04,2025-02-25 05:56:50,tablet,NY,0
65,1273,5153,4714.23,2025-04-20 02:26:38,tablet,CA,0
66,1387,5249,3251.74,2025-03-19 02:20:17,mobile,NY,0
67,1600,5673,3042.61,2025-09-24 03:39:39,tablet,CA,0
68,1315,5437,2568.32,2025-02-26 19:34:12,mobile,TX,0
69,1013,5117,1161.04,2025-04-19 04:12:46,web,WA,0
70,1241,5770,890.87,2025-04-06 03:40:51,tablet,TX,0
71,1776,5890,1110.23,2025-09-13 10:54:23,web,TX,0
72,1345,5305,940.33,2025-10-29 02:44:13,web,WA,0
73,1564,5267,3900.13,2025-06-22 03:39:08,tablet,WA,0
74,1897,5960,1757.13,2025-06-11 16:45:34,mobile,FL,0
75,1339,5053,298.63,2025-10-08 10:10:05,tablet,FL,0
76,1091,5235,4845.82,2025-06-22 15:37:20,web,TX,0
77,1366,5388,4420.09,2025-02-11 01:06:19,web,TX,0
78,1955,5989,4639.48,2025-01-10 02:34:21,tablet,NY,0
79,1454,5733,4974.59,2025-07-24 19:45:55,mobile,NY,0
80,1427,5762,877.74,2025-09-26 11:54:47,mobile,FL,0
81,1508,5824,1987.25,2025-04-30 04:49:25,web,FL,0
82,1775,5400,3793.61,2025-03-29 12:59:48,web,NY,0
83,1942,5623,3483.14,2025-03-07 01:09:57,mobile,NY,0
84,1034,5766,777.94,2025-02-03 12:09:16,tablet,CA,0
85,1205,5302,4081.01,2025-03-29 11:37:49,web,CA,0
86,1080,5918,1129.96,2025-09-07 15:25:05,mobile,NY,0
87,1931,5206,1126.85,2025-01-30 17:30:21,web,CA,0
88,1561,5228,2689.5,2025-09-05 17:11:00,tablet,WA,0
89,1871,5852,2968.77,2025-11-05 02:16:31,mobile,FL,0
90,1387,5909,2904.63,2025-02-16 03:14:51,web,FL,0
91,1001,5577,466.52,2025-09-21 09:38:24,tablet,NY,0
92,1389,5074,4388.53,2025-09-04 17:01:12,web,TX,0
93,1565,5434,1335.34,2025-08-23 21:29:59,tablet,NY,1
94,1105,5102,656.28,2025-10-12 02:30:45,tablet,CA,0
95,1771,5421,4444.85,2025-07-02 21:03:37,mobile,TX,0
96,1821,5703,4778.7,2025-09-21 17:42:00,tablet,CA,0
97,1476,5763,4312.02,2025-09-29 07:58:22,web,WA,0
98,1702,5737,4049.49,2025-10-30 13:53:14,tablet,CA,0
99,1401,5805,3279.66,2025-10-16 00:13:29,tablet,WA,0
100,1729,5305,2758.78,2025-08-08 18:08:21,mobile,WA,0
101,1555,5097,444.06,2025-07-09 17:40:56,tablet,CA,0
102,1161,5849,2048.18,2025-06-08 15:24:55,tablet,CA,0
103,1201,5797,1869.72,2025-11-02 09:30:37,web,WA,0
104,1957,5334,1306.17,2025-07-14 02:29:25,mobile,TX,0
105,1995,5858,3619.87,2025-05-12 16:15:58,mobile,WA,0
106,1269,5434,2484.42,2025-01-26 16:56:20,mobile,FL,0
107,1862,5446,414.42,2025-01-02 22:02:26,tablet,WA,0
108,1815,5993,1108.71,2025-10-18 21:37:23,mobile,TX,0
109,1270,5307,3419.46,2025-05-23 19:31:50,tablet,FL,0
110,1455,5248,389.89,2025-04-14 03:13:43,tablet,NY,1
111,1461,5165,4257.52,2025-08-06 19:44:50,web,NY,0
112,1726,5480,2480.78,2025-04-09 20:41:56,web,TX,0
113,1251,5983,2408.13,2025-01-21 08:12:24,web,WA,0
114,1701,5334,2966.11,2025-02-16 09:28:11,web,CA,0
115,1295,5541,4125.16,2025-05-12 21:05:44,web,TX,0
116,1724,5758,1745.57,2025-05-07 16:28:17,tablet,FL,0
117,1719,5105,3393.3,2025-09-20 05:04:13,tablet,FL,0
118,1748,5562,2833.0,2025-03-20 07:01:11,mobile,NY,0
119,1337,5080,1342.47,2025-08-10 17:30:54,tablet,FL,0
120,1878,5132,4394.36,2025-06-14 16:11:24,tablet,TX,0
121,1052,5796,3989.16,2025-03-31 23:07:02,web,FL,0
122,1791,5899,3295.67,2025-04-15 13:52:26,tablet,TX,0
123,1921,5137,4254.4,2025-07-16 05:13:08,web,CA,0
124,1216,5183,4337.8,2025-02-28 02:00:13,mobile,NY,0
125,1763,5400,3544.73,2025-09-20 10:09:36,mobile,FL,0
126,1187,5329,4186.7,2025-06-03 15:40:27,tablet,TX,0
127,1379,5784,3490.38,2025-10-28 12:12:06,mobile,WA,0
128,1492,5507,3403.9,2025-08-29 09:33:28,tablet,NY,0
129,1040,5851,3096.87,2025-06-13 14:27:52,mobile,CA,1
130,1156,5983,3766.06,2025-10-18 03:59:51,web,TX,0
131,1014,5068,801.44,2025-04-11 12:49:36,web,CA,0
132,1812,5545,4405.55,2025-03-17 08:13:29,web,CA,0
133,1064,5773,4360.5,2025-10-25 05:08:35,web,FL,0
134,1856,5052,155.94,2025-11-22 01:38:56,tablet,FL,0
135,1838,5449,4130.83,2025-04-15 01:25:20,mobile,TX,0
136,1520,5204,653.06,2025-07-10 14:00:25,tablet,WA,0
137,1343,5125,1682.24,2025-03-01 08:45:32,web,TX,0
138,1128,5746,3720.11,2025-06-06 21:38:45,tablet,WA,0
139,1647,5042,812.19,2025-01-22 20:27:46,mobile,CA,0
140,1471,5751,4091.66,2025-07-21 04:55:26,tablet,NY,0
141,1062,5970,4162.35,2025-07-17 08:07:51,mobile,TX,0
142,1138,5882,2542.26,2025-04-16 09:58:07,tablet,TX,0
143,1498,5110,41.87,2025-05-28 11:06:05,mobile,WA,0
144,1592,5760,1442.32,2025-06-09 10:39:12,mobile,CA,0
145,1391,5662,3088.47,2025-02-21 02:19:34,web,CA,0
146,1674,5182,4906.12,2025-04-08 22:22:08,mobile,WA,0
147,1418,5847,3162.75,2025-11-16 17:04:53,web,CA,0
148,1288,5094,1306.42,2025-09-03 08:36:27,web,FL,0
149,1378,5970,3173.69,2025-08-12 06:23:29,web,NY,0
150,1772,5373,2704.53,2025-05-11 16:17:52,tablet,TX,0
151,1489,5911,3901.43,2025-02-21 09:00:09,tablet,NY,0
152,1230,5519,543.83,2025-06-04 20:32:20,tablet,TX,0
153,1040,5899,3807.53,2025-08-31 22:26:12,tablet,FL,0
154,1027,5359,2710.92,2025-11-01 08:32:01,mobile,CA,0
155,1134,5899,4815.33,2025-09-17 19:44:44,mobile,WA,0
156,1200,5695,1715.94,2025-01-23 00:46:14,tablet,FL,0
157,1839,5280,3166.78,2025-02-17 03:46:10,mobile,NY,0
158,1779,5194,4660.82,2025-08-03 15:46:56,mobile,WA,0
159,1929,5863,521.52,2025-01-29 19:49:41,web,CA,0
160,1032,5194,4686.77,2025-01-11 13:57:32,web,FL,0
161,1047,5666,3442.55,2025-03-15 00:39:14,web,WA,0
162,1502,5092,348.51,2025-01-08 16:05:58,web,FL,0
163,1406,5671,1511.81,2025-03-05 19:41:09,mobile,FL,0
164,1573,5945,3543.78,2025-09-26 10:36:40,tablet,CA,0
165,1727,5060,346.08,2025-09-28 10:13:53,mobile,TX,0
166,1804,5633,2915.03,2025-03-23 12:59:17,mobile,WA,0
167,1098,5050,1735.96,2025-09-16 00:33:50,mobile,CA,0
168,1683,5402,3108.37,2025-11-10 22:40:02,web,FL,0
169,1871,5788,238.25,2025-08-12 18:35:11,web,CA,1
170,1725,5004,4358.97,2025-10-22 19:33:57,web,TX,0
171,1986,5465,4867.71,2025-03-16 08:30:47,tablet,WA,0
172,1546,5603,4844.7,2025-05-11 15:50:28,mobile,TX,0
173,1960,5681,3750.76,2025-02-15 15:34:33,tablet,NY,0
174,1738,5828,659.13,2025-01-31 06:00:10,web,WA,0
175,1612,5533,3793.73,2025-05-04 04:59:52,tablet,TX,0
176,1942,5404,132.69,2025-11-23 12:03:02,mobile,FL,0
177,1461,5837,120.4,2025-10-23 22:53:21,mobile,WA,0
178,1642,5512,1624.81,2025-01-26 16:42:27,web,WA,0
179,1768,5644,2448.33,2025-08-09 16:38:02,web,CA,0
180,1004,5232,3854.33,2025-09-19 11:15:42,tablet,FL,0
181,1217,5523,3419.64,2025-07-02 21:52:39,web,NY,0
182,1502,5345,2235.05,2025-09-29 02:26:06,web,TX,0
183,1766,5045,1375.4,2025-07-13 08:47:57,mobile,CA,0
184,1397,5545,4985.65,2025-03-09 17:18:11,web,TX,0
185,1870,5944,2136.64,2025-05-11 09:07:47,web,NY,0
186,1794,5077,2262.42,2025-10-10 07:56:33,mobile,NY,0
187,1392,5729,826.48,2025-08-18 10:52:12,mobile,WA,0
188,1206,5812,3976.1,2025-03-04 07:27:18,tablet,NY,0
189,1014,5922,3471.47,2025-10-04 06:23:51,web,TX,0
190,1857,5072,1111.64,2025-10-21 09:58:35,mobile,FL,0
191,1553,5793,421.08,2025-10-23 03:31:18,tablet,FL,0
192,1891,5248,3405.69,2025-11-02 13:24:53,tablet,WA,0
193,1460,5046,3276.01,2025-02-05 06:36:38,web,TX,0
194,1690,5120,1373.57,2025-02-01 08:50:56,web,TX,0
195,1574,5213,4754.81,2025-08-03 08:19:18,tablet,NY,0
196,1863,5238,763.78,2025-10-18 04:55:19,mobile,TX,0
197,1742,5055,2167.35,2025-07-03 23:48:50,tablet,CA,0
198,1240,5349,4718.64,2025-07-08 05:18:21,web,NY,0
199,1563,5106,2104.44,2025-08-22 19:21:19,mobile,CA,0
200,1095,5830,3196.24,2025-05-11 20:18:33,mobile,WA,0
201,1899,5047,1994.0,2025-06-26 23:44:30,tablet,FL,0
202,1733,5572,1378.33,2025-11-06 05:54:19,web,WA,0
203,1484,5336,4920.05,2025-05-08 05:15:13,tablet,FL,0
204,1406,5025,2052.58,2025-11-11 00:19:30,tablet,WA,0
205,1230,5803,4471.56,2025-07-11 14:16:02,tablet,TX,0
206,1748,5256,1157.47,2025-09-29 20:04:43,mobile,CA,0
207,1654,5007,1073.39,2025-10-10 23:12:36,mobile,FL,0
208,1170,5624,165.36,2025-01-23 01:41:25,web,NY,0
209,1540,5866,3261.82,2025-04-29 13:16:50,web,CA,0
210,1035,5252,1848.95,2025-03-12 01:54:16,tablet,NY,0
211,1524,5691,4323.15,2025-09-27 21:47:37,tablet,CA,0
212,1159,5718,2371.32,2025-11-17 12:55:01,tablet,CA,0
213,1838,5302,4841.29,2025-04-20 00:02:24,web,WA,0
214,1698,5638,935.77,2025-08-19 23:55:23,mobile,FL,0
215,1242,5055,4344.43,2025-08-04 17:55:48,mobile,FL,0
216,1085,5725,3885.22,2025-05-03 08:48:46,tablet,CA,1
217,1795,5525,3856.9,2025-03-29 21:28:19,tablet,TX,0
218,1577,5473,4225.47,2025-09-14 10:30:06,tablet,TX,0
219,1681,5027,3807.51,2025-03-16 17:41:37,tablet,NY,0
220,1556,5982,3134.84,2025-09-16 07:39:54,web,NY,0
221,1573,5077,664.91,2025-05-18 18:44:10,mobile,WA,0
222,1952,5215,172.31,2025-03-22 23:15:51,tablet,CA,0
223,1645,5385,4605.03,2025-07-30 21:44:43,web,NY,0
224,1795,5364,3087.09,2025-04-12 02:45:10,tablet,NY,0
225,1027,5665,3984.72,2025-05-21 04:26:22,tablet,CA,0
226,1619,5525,2412.8,2025-08-04 23:01:30,mobile,WA,0
227,1555,5698,595.37,2025-07-14 21:00:46,tablet,NY,0
228,1339,5311,634.68,2025-05-06 21:28:59,mobile,WA,0
229,1797,5882,3430.97,2025-07-03 02:46:24,mobile,FL,1
230,1957,5006,2157.23,2025-07-20 14:06:17,mobile,WA,0
231,1330,5002,1010.62,2025-05-10 00:39:09,web,TX,0
232,1639,5622,2463.06,2025-10-11 01:22:13,web,TX,0
233,1505,5918,330.4,2025-09-11 00:43:24,mobile,WA,0
234,1347,5749,2914.04,2025-02-06 22:07:26,tablet,TX,1
235,1472,5362,1352.28,2025-06-28 00:56:28,mobile,FL,0
236,1230,5750,3989.82,2025-05-08 12:21:39,tablet,CA,0
237,1189,5507,1558.71,2025-07-14 16:22:09,mobile,TX,0
238,1224,5273,2281.55,2025-04-10 13:58:47,tablet,TX,0
239,1384,5505,67.99,2025-01-27 22:42:56,web,WA,0
240,1376,5805,371.51,2025-02-09 09:35:06,tablet,FL,0
241,1282,5738,1968.54,2025-10-16 05:58:45,mobile,CA,0
242,1957,5882,2404.89,2025-10-05 12:26:39,web,WA,0
243,1632,5014,3004.1,2025-04-17 22:40:11,tablet,WA,0
244,1627,5191,1465.4,2025-07-21 04:21:14,tablet,FL,0
245,1972,5984,3477.96,2025-10-12 09:12:32,tablet,CA,0
246,1744,5630,4302.01,2025-04-29 16:40:44,tablet,FL,0
247,1258,5484,3901.46,2025-08-08 17:23:29,tablet,CA,0
248,1358,5027,207.7,2025-11-10 08:04:50,web,FL,0
249,1709,5713,2407.73,2025-08-18 12:47:35,web,WA,0
250,1455,5038,533.6,2025-06-25 11:09:16,web,WA,0
251,1410,5952,1217.8,2025-06-19 16:10:11,web,NY,1
252,1648,5272,4933.45,2025-04-19 14:57:56,mobile,TX,0
253,1317,5230,721.05,2025-01-10 01:48:56,web,FL,0
254,1676,5085,2499.45,2025-05-01 05:38:58,tablet,NY,0
255,1224,5473,3094.6,2025-05-24 09:23:38,tablet,TX,0
256,1818,5125,3515.3,2025-01-10 22:17:49,web,FL,0
257,1233,5811,2802.65,2025-07-11 10:01:02,tablet,CA,0
258,1683,5536,58.76,2025-05-19 17:19:21,web,TX,0
259,1663,5144,1639.04,2025-07-22 06:37:18,tablet,WA,0
260,1974,5524,2593.38,2025-05-09 09:42:49,mobile,NY,0
261,1826,5211,448.45,2025-09-03 15:38:10,mobile,TX,0
262,1373,5024,1759.63,2025-10-16 00:13:04,web,TX,0
263,1671,5579,175.68,2025-10-15 06:05:57,web,WA,0
264,1607,5393,402.11,2025-03-19 08:37:06,web,FL,0
265,1471,5066,1990.65,2025-03-13 17:34:18,tablet,CA,0
266,1232,5232,672.25,2025-07-11 21:40:20,web,WA,0
267,1691,5108,2842.03,2025-06-07 02:27:39,mobile,CA,0
268,1112,5145,3450.43,2025-11-12 14:46:24,tablet,FL,0
269,1829,5110,4004.93,2025-03-22 17:21:44,web,TX,0
270,1496,5227,1008.75,2025-05-21 16:40:46,tablet,CA,0
271,1441,5110,845.74,2025-01-22 10:18:27,tablet,NY,0
272,1563,5469,531.79,2025-06-19 12:08:26,web,NY,0
273,1267,5033,3185.79,2025-10-22 11:15:31,tablet,WA,0
274,1509,5622,3535.31,2025-04-20 12:36:55,mobile,FL,0
275,1806,5775,167.61,2025-01-29 13:22:27,mobile,WA,0
276,1385,5935,4681.7,2025-02-21 21:53:33,tablet,WA,0
277,1386,5368,269.34,2025-11-14 02:40:50,web,WA,0
278,1112,5747,2711.07,2025-08-24 13:09:11,tablet,NY,0
279,1612,5594,3548.21,2025-03-23 01:22:56,mobile,NY,0
280,1624,5553,4356.14,2025-08-27 22:27:31,tablet,WA,0
281,1951,5424,3573.29,2025-03-26 21:58:36,tablet,NY,0
282,1080,5612,4010.62,2025-04-01 23:45:25,mobile,FL,0
283,1698,5517,1703.86,2025-09-09 14:24:57,tablet,WA,0
284,1112,5691,4075.98,2025-09-20 10:59:17,tablet,NY,0
285,1001,5281,409.77,2025-02-22 00:06:16,web,CA,0
286,1641,5319,4475.14,2025-05-28 17:57:56,web,WA,0
287,1219,5737,2742.49,2025-04-05 06:00:35,mobile,WA,0
288,1565,5442,4088.32,2025-05-20 06:46:18,mobile,FL,0
289,1854,5951,2267.07,2025-04-01 20:56:18,mobile,TX,0
290,1996,5314,3221.45,2025-02-27 20:41:02,web,TX,0
291,1735,5876,2636.75,2025-07-31 22:21:38,mobile,FL,0
292,1224,5965,3660.63,2025-10-19 15:11:10,mobile,FL,0
293,1384,5740,417.33,2025-08-28 06:55:54,mobile,FL,0
294,1402,5376,311.16,2025-07-12 22:53:26,web,TX,0
295,1637,5288,1243.05,2025-03-06 16:27:56,tablet,FL,0
296,1129,5436,806.13,2025-05-18 19:16:39,mobile,NY,0
297,1052,5661,4360.2,2025-05-31 08:44:51,tablet,WA,0
298,1683,5276,1103.88,2025-10-22 16:50:07,mobile,WA,0
299,1729,5709,4879.57,2025-05-20 12:47:19,tablet,CA,0
300,1671,5581,1691.11,2025-03-13 17:50:40,web,CA,0
301,1709,5502,918.77,2025-09-28 01:34:37,web,WA,0
302,1415,5623,3950.6,2025-05-11 22:36:06,mobile,NY,0
303,1246,5515,3296.95,2025-02-04 10:58:40,tablet,TX,0
304,1835,5349,2496.0,2025-02-11 15:55:59,web,TX,0
305,1438,5842,2781.26,2025-04-20 09:45:26,mobile,NY,0
306,1202,5445,3598.82,2025-05-20 10:38:31,mobile,TX,0
307,1183,5829,1149.99,2025-01-09 02:32:24,web,FL,0
308,1122,5349,4981.71,2025-10-17 01:16:13,web,WA,0
309,1400,5606,4874.22,2025-09-07 19:19:55,mobile,WA,1
310,1766,5663,3255.13,2025-01-19 20:52:04,tablet,NY,0
311,1293,5822,1005.72,2025-07-22 20:39:05,tablet,TX,0
312,1279,5136,3404.34,2025-09-01 15:07:49,tablet,CA,0
313,1836,5758,370.27,2025-06-13 08:59:54,mobile,CA,0
314,1883,5898,162.96,2025-04-16 10:04:34,web,TX,0
315,1609,5242,1295.84,2025-01-08 15:48:08,mobile,CA,0
316,1197,5542,2318.49,2025-06-21 10:41:29,web,NY,0
317,1981,5039,4342.68,2025-10-05 10:03:11,tablet,NY,0
318,1906,5228,3638.57,2025-01-06 00:05:35,tablet,TX,0
319,1510,5547,3716.11,2025-06-20 01:25:10,web,CA,0
320,1751,5919,2133.21,2025-03-21 11:00:11,web,NY,0
321,1143,5222,1736.22,2025-01-21 05:50:26,mobile,NY,0
322,1608,5005,1861.48,2025-11-21 04:26:16,tablet,FL,0
323,1200,5321,4938.37,2025-11-24 17:35:35,mobile,FL,1
324,1123,5467,210.14,2025-09-12 00:31:13,mobile,NY,0
325,1186,5731,4336.49,2025-03-23 00:04:23,mobile,TX,1
326,1325,5074,2897.59,2025-11-07 05:52:32,tablet,WA,0
327,1463,5003,2198.69,2025-05-12 22:10:39,mobile,WA,0
328,1348,5846,3629.04,2025-09-09 03:26:03,mobile,NY,0
329,1770,5645,2438.48,2025-02-05 06:56:29,mobile,NY,0
330,1659,5117,4368.38,2025-10-19 19:28:02,mobile,NY,0
331,1763,5880,4504.5,2025-04-02 05:30:06,mobile,TX,0
332,1954,5605,2114.39,2025-02-03 01:44:13,mobile,FL,0
333,1931,5503,1391.37,2025-05-30 05:39:06,tablet,NY,0
334,1402,5997,2965.83,2025-10-27 16:50:01,mobile,NY,0
335,1345,5946,4562.69,2025-06-23 22:11:00,web,CA,0
336,1962,5573,1061.2,2025-06-09 06:12:25,mobile,TX,0
337,1510,5440,3118.6,2025-04-05 11:10:52,mobile,NY,0
338,1146,5193,3161.49,2025-09-30 19:46:04,tablet,CA,0
339,1147,5846,3668.23,2025-10-04 06:34:25,tablet,WA,0
340,1863,5714,666.52,2025-07-07 16:39:52,web,NY,0
341,1710,5391,3581.97,2025-04-28 06:43:02,web,NY,0
342,1819,5025,4546.07,2025-03-18 07:59:24,tablet,CA,0
343,1488,5434,906.62,2025-04-10 17:47:05,tablet,TX,0
344,1928,5172,1195.34,2025-07-15 14:13:14,mobile,NY,0
345,1935,5299,4857.26,2025-09-06 03:02:17,tablet,WA,0
346,1639,5644,913.07,2025-03-25 15:55:17,web,NY,0
347,1550,5325,4273.38,2025-06-27 04:39:53,mobile,WA,0
348,1337,5409,2466.47,2025-03-09 16:21:45,web,FL,0
349,1871,5117,1243.68,2025-09-05 15:10:55,mobile,FL,0
350,1640,5835,4355.04,2025-05-18 06:30:33,tablet,WA,0
351,1778,5786,2232.07,2025-01-24 12:26:49,web,TX,0
352,1987,5723,2578.94,2025-04-25 11:22:12,mobile,NY,0
353,1952,5224,1802.57,2025-03-14 06:11:29,mobile,NY,0
354,1472,5531,2968.82,2025-08-23 22:37:45,tablet,FL,0
355,1945,5112,825.98,2025-08-20 07:27:12,tablet,WA,0
356,1150,5139,1961.5,2025-11-04 18:53:08,tablet,NY,0
357,1414,5558,4847.37,2025-03-01 21:38:09,web,NY,0
358,1989,5000,1298.09,2025-06-20 00:22:24,mobile,TX,0
359,1297,5089,3287.12,2025-11-01 10:23:36,tablet,CA,0
360,1610,5653,1632.7,2025-07-20 16:01:08,web,FL,0
361,1262,5319,3869.63,2025-09-01 20:30:13,web,FL,0
362,1763,5549,663.06,2025-08-13 09:55:21,web,CA,0
363,1143,5804,4849.41,2025-07-30 06:43:23,tablet,NY,0
364,1345,5893,2274.41,2025-02-05 09:32:08,tablet,TX,0
365,1623,5138,1187.89,2025-07-28 14:50:01,mobile,TX,0
366,1571,5510,376.75,2025-06-10 10:59:13,mobile,FL,1
367,1880,5867,857.09,2025-05-04 01:34:18,tablet,TX,0
368,1001,5844,2603.67,2025-06-14 14:32:44,web,CA,0
369,1896,5258,1691.65,2025-01-26 14:34:03,web,NY,0
370,1303,5672,4146.13,2025-01-05 04:06:36,web,CA,0
371,1253,5901,2160.13,2025-04-27 17:10:45,mobile,WA,0
372,1651,5689,1251.08,2025-09-05 05:05:07,web,FL,0
373,1452,5009,3089.55,2025-07-13 13:31:38,mobile,TX,0
374,1036,5260,3536.82,2025-11-21 17:15:02,mobile,WA,0
375,1159,5918,843.54,2025-02-20 02:03:34,web,TX,0
376,1008,5649,846.42,2025-01-05 05:30:16,web,NY,0
377,1232,5171,192.99,2025-02-22 02:19:10,tablet,NY,0
378,1098,5897,3684.65,2025-10-04 04:35:53,tablet,NY,0
379,1658,5012,3322.38,2025-10-06 03:30:56,web,TX,0
380,1815,5167,2378.41,2025-09-07 21:22:03,mobile,WA,0
381,1207,5641,4222.41,2025-11-03 13:28:49,mobile,NY,0
382,1130,5595,4030.29,2025-05-10 06:16:07,mobile,WA,0
383,1403,5320,2930.92,2025-05-23 16:11:40,mobile,TX,0
384,1151,5318,4342.67,2025-06-08 13:09:00,mobile,WA,0
385,1053,5612,1037.15,2025-05-06 13:15:58,tablet,TX,0
386,1119,5328,568.48,2025-02-21 12:36:43,web,TX,0
387,1672,5784,1356.05,2025-04-17 18:01:56,tablet,FL,0
388,1919,5776,294.86,2025-08-27 07:01:34,mobile,TX,0
389,1627,5970,2660.54,2025-07-02 19:37:17,mobile,TX,0
390,1586,5910,4683.66,2025-05-08 20:52:23,mobile,CA,0
391,1624,5919,206.32,2025-11-11 22:03:37,mobile,NY,0
392,1967,5549,619.33,2025-04-23 08:04:35,web,FL,0
393,1419,5418,2266.47,2025-11-13 01:43:28,mobile,FL,0
394,1421,5605,4670.04,2025-10-12 02:09:25,web,FL,0
395,1103,5094,1587.62,2025-02-23 20:33:02,mobile,CA,0
396,1851,5816,2541.1,2025-05-26 18:44:32,web,TX,0
397,1253,5580,217.45,2025-08-11 10:32:25,tablet,NY,0
398,1226,5317,750.23,2025-07-02 04:33:47,mobile,WA,0
399,1111,5955,4933.28,2025-10-11 10:10:00,web,TX,0
400,1509,5235,4825.94,2025-05-04 08:16:19,tablet,CA,0
401,1472,5945,34.65,2025-08-08 13:38:15,mobile,TX,0
402,1098,5333,4759.54,2025-09-26 06:58:15,mobile,TX,1
403,1152,5884,3199.21,2025-06-17 09:45:12,mobile,CA,0
404,1860,5375,4340.91,2025-05-08 21:17:56,web,FL,0
405,1913,5458,2279.15,2025-11-03 21:10:22,web,FL,0
406,1895,5136,2582.82,2025-08-09 19:57:18,tablet,NY,0
407,1877,5929,2449.34,2025-09-10 00:52:41,web,NY,0
408,1337,5587,3337.65,2025-05-02 13:01:26,web,FL,0
409,1705,5994,706.86,2025-07-07 14:33:10,mobile,WA,0
410,1821,5546,159.57,2025-11-22 15:24:22,mobile,TX,0
411,1162,5512,1546.57,2025-02-09 07:32:08,mobile,WA,0
412,1719,5295,3526.36,2025-10-11 08:28:38,mobile,TX,0
413,1956,5319,1017.25,2025-02-18 15:23:59,mobile,FL,0
414,1680,5917,3370.43,2025-03-19 20:47:03,mobile,NY,0
415,1995,5571,4849.86,2025-06-20 11:38:31,mobile,NY,0
416,1160,5831,478.56,2025-01-14 22:33:33,tablet,WA,0
417,1579,5348,3366.28,2025-09-13 14:14:23,tablet,NY,0
418,1800,5839,2224.31,2025-04-27 06:45:13,tablet,FL,0
419,1397,5778,4342.03,2025-06-17 17:45:47,tablet,WA,0
420,1276,5872,893.98,2025-08-18 04:27:57,mobile,TX,0
421,1815,5228,3466.2,2025-05-27 11:36:46,tablet,NY,0
422,1915,5269,4192.2,2025-05-21 17:10:23,mobile,CA,0
423,1503,5827,4723.62,2025-03-09 19:59:25,tablet,NY,0
424,1895,5797,3419.41,2025-06-15 14:31:19,web,TX,0
425,1391,5290,2490.9,2025-05-15 22:12:14,tablet,WA,0
426,1134,5724,3093.06,2025-02-18 17:44:29,tablet,TX,0
427,1194,5164,4345.84,2025-09-29 06:08:11,mobile,CA,0
428,1400,5004,2857.34,2025-11-02 07:35:10,tablet,FL,0
429,1639,5850,161.63,2025-01-31 20:18:32,web,NY,0
430,1032,5378,4655.43,2025-05-29 18:33:49,mobile,WA,0
431,1687,5077,3450.74,2025-02-27 18:42:22,mobile,FL,0
432,1459,5409,3385.8,2025-11-18 07:55:43,tablet,TX,0
433,1954,5573,1086.22,2025-10-09 12:37:49,mobile,WA,1
434,1882,5131,3297.84,2025-09-13 18:40:34,mobile,FL,1
435,1469,5600,1975.38,2025-05-02 23:30:05,mobile,WA,0
436,1374,5748,3259.65,2025-03-17 04:07:12,mobile,CA,0
437,1021,5041,541.9,2025-08-18 00:22:09,mobile,CA,0
438,1749,5088,3292.65,2025-07-12 16:26:00,mobile,NY,0
439,1669,5401,4997.07,2025-06-17 14:51:48,web,NY,0
440,1037,5295,250.58,2025-07-24 07:22:47,tablet,CA,0
441,1229,5839,4886.1,2025-06-20 14:27:38,web,WA,0
442,1364,5294,2040.47,2025-08-19 07:42:08,mobile,CA,0
443,1562,5615,4355.06,2025-03-23 17:31:37,mobile,NY,0
444,1437,5525,3914.1,2025-08-05 16:28:59,tablet,CA,1
445,1775,5799,2839.41,2025-07-26 19:08:58,web,CA,0
446,1282,5690,3694.86,2025-06-27 18:55:07,tablet,WA,0
447,1026,5636,4393.79,2025-10-21 18:27:28,web,FL,0
448,1225,5421,2026.66,2025-04-11 00:09:44,mobile,NY,0
449,1276,5864,1641.9,2025-11-09 17:04:07,tablet,WA,0
450,1797,5022,3341.29,2025-01-23 18:19:27,tablet,CA,0
451,1608,5574,4041.15,2025-10-14 17:38:58,mobile,CA,0
452,1283,5142,3813.8,2025-05-09 23:25:13,tablet,FL,0
453,1878,5992,3991.09,2025-06-03 22:17:43,web,NY,0
454,1959,5664,2183.56,2025-02-03 10:13:20,web,NY,0
455,1480,5144,4090.99,2025-10-26 22:30:41,web,TX,0
456,1452,5224,609.84,2025-02-11 14:21:01,web,NY,0
457,1828,5502,2727.0,2025-03-19 04:39:18,mobile,FL,0
458,1815,5961,38.74,2025-08-08 01:45:33,tablet,TX,0
459,1658,5973,1629.68,2025-09-13 02:20:01,web,TX,0
460,1515,5820,1838.64,2025-04-27 03:49:40,mobile,CA,0
461,1546,5615,1986.9,2025-08-13 01:31:46,tablet,CA,0
462,1191,5103,3480.38,2025-01-27 01:26:40,tablet,NY,0
463,1048,5946,1948.9,2025-07-21 00:19:54,mobile,TX,0
464,1511,5038,2248.98,2025-03-25 01:22:11,mobile,CA,0
465,1016,5946,1195.35,2025-07-01 14:30:18,web,FL,0
466,1171,5197,1872.53,2025-03-12 16:34:15,tablet,CA,0
467,1219,5645,1144.08,2025-01-13 17:44:51,tablet,CA,0
468,1157,5578,375.25,2025-05-12 19:03:01,mobile,TX,0
469,1476,5390,3021.21,2025-07-22 14:47:26,tablet,TX,0
470,1045,5178,3344.38,2025-01-01 00:23:48,web,WA,0
471,1372,5967,3101.26,2025-10-01 22:34:24,tablet,FL,0
472,1517,5553,2322.84,2025-07-19 21:05:35,mobile,TX,1
473,1098,5447,1905.13,2025-10-26 12:28:13,mobile,NY,0
474,1891,5499,4318.03,2025-10-26 14:08:12,web,FL,0
475,1744,5014,2600.22,2025-05-21 12:46:13,web,FL,0
476,1036,5622,2401.12,2025-02-21 08:07:56,tablet,TX,0
477,1279,5668,137.95,2025-05-11 04:18:12,tablet,FL,0
478,1348,5288,1712.83,2025-05-09 10:06:34,mobile,TX,0
479,1496,5477,1907.18,2025-10-31 15:58:50,web,CA,0
480,1301,5230,2000.13,2025-02-20 06:10:38,web,WA,0
481,1180,5922,2905.06,2025-09-11 07:31:42,web,CA,0
482,1606,5419,2672.68,2025-04-07 18:35:10,tablet,TX,0
483,1098,5156,3043.45,2025-01-27 04:05:47,web,TX,0
484,1699,5549,3826.77,2025-01-21 16:21:41,mobile,CA,0
485,1992,5440,4066.8,2025-06-25 03:51:34,mobile,NY,0
486,1115,5096,3593.43,2025-06-17 13:21:43,tablet,NY,0
487,1190,5996,4778.06,2025-09-06 06:40:37,tablet,NY,0
488,1252,5410,100.98,2025-09-26 11:39:25,web,TX,0
489,1980,5950,986.93,2025-02-03 02:28:13,tablet,FL,0
490,1927,5288,47.74,2025-02-12 11:09:55,mobile,TX,1
491,1982,5253,3240.9,2025-04-14 14:07:57,web,FL,0
492,1160,5195,4491.17,2025-10-23 12:44:52,mobile,CA,0
493,1255,5597,1224.98,2025-06-02 22:56:35,web,WA,0
494,1322,5833,4635.9,2025-04-13 00:50:47,tablet,FL,0
495,1127,5521,310.73,2025-10-03 15:30:25,web,NY,0
496,1017,5516,4672.84,2025-06-18 01:53:13,web,TX,0
497,1792,5634,1764.6,2025-01-20 03:58:48,mobile,CA,0
498,1734,5841,516.09,2025-05-24 22:05:52,mobile,NY,0
499,1565,5864,2434.5,2025-07-01 01:16:05,web,CA,0
500,1569,5117,1291.32,2025-03-30 03:15:42,tablet,WA,0
501,1322,5805,1431.52,2025-09-07 12:11:29,tablet,TX,0
502,1871,5908,1543.38,2025-02-26 01:37:26,mobile,TX,0
503,1685,5158,4017.1,2025-04-15 10:54:22,tablet,WA,0
504,1791,5814,2700.41,2025-07-29 18:42:03,mobile,TX,0
505,1625,5227,1563.43,2025-10-31 10:10:05,tablet,FL,0
506,1287,5876,3055.57,2025-08-01 22:47:09,web,CA,0
507,1942,5215,3583.59,2025-01-06 10:33:00,mobile,NY,0
508,1853,5947,1370.39,2025-03-15 22:44:04,mobile,WA,0
509,1662,5695,2073.61,2025-03-09 23:19:22,web,FL,0
510,1961,5014,618.21,2025-02-06 13:23:02,mobile,NY,0
511,1638,5156,913.94,2025-10-28 17:26:27,tablet,NY,0
512,1154,5647,3408.78,2025-03-10 01:42:30,tablet,WA,0
513,1489,5260,915.38,2025-07-21 04:34:06,mobile,FL,0
514,1385,5156,2630.57,2025-07-25 08:25:07,tablet,NY,0
515,1985,5046,3548.14,2025-03-20 18:28:09,mobile,NY,0
516,1784,5323,543.32,2025-03-07 01:46:16,web,FL,0
517,1103,5843,2840.89,2025-05-07 05:06:16,mobile,TX,0
518,1928,5684,1290.25,2025-09-01 22:50:57,web,NY,0
519,1392,5129,4815.01,2025-02-05 14:03:35,tablet,CA,0
520,1810,5410,2422.89,2025-09-16 17:18:08,web,FL,0
521,1245,5094,4031.9,2025-02-06 02:28:58,tablet,NY,0
522,1175,5626,2755.63,2025-09-30 22:48:16,mobile,WA,0
523,1038,5754,226.63,2025-10-20 18:34:08,tablet,CA,0
524,1476,5931,3169.43,2025-07-05 17:22:13,mobile,NY,0
525,1681,5291,4757.5,2025-10-20 14:37:52,mobile,CA,0
526,1758,5793,3012.04,2025-09-13 20:14:41,web,CA,0
527,1537,5810,4097.75,2025-05-17 04:58:28,web,TX,0
528,1866,5282,4422.19,2025-06-01 13:04:56,web,CA,0
529,1817,5068,1148.12,2025-08-27 00:37:05,web,TX,0
530,1920,5659,1068.1,2025-03-13 20:15:13,tablet,FL,0
531,1407,5010,3058.8,2025-11-05 12:38:48,tablet,TX,0
532,1524,5253,2061.03,2025-11-16 18:27:00,tablet,WA,0
533,1827,5841,4200.91,2025-09-02 12:48:58,mobile,NY,0
534,1505,5871,4501.12,2025-01-24 18:15:37,tablet,FL,0
535,1902,5549,1773.57,2025-08-19 11:37:54,tablet,FL,0
536,1824,5133,1191.98,2025-11-17 18:43:21,tablet,WA,0
537,1035,5711,3904.82,2025-05-30 11:35:29,web,TX,0
538,1684,5022,1381.28,2025-08-19 22:00:24,tablet,NY,0
539,1019,5814,4114.85,2025-03-31 23:14:01,mobile,TX,0
540,1320,5345,2124.45,2025-04-27 18:39:07,web,CA,0
541,1775,5301,3341.07,2025-08-25 12:35:18,mobile,TX,0
542,1511,5362,486.72,2025-04-23 20:58:50,tablet,FL,0
543,1399,5395,3123.06,2025-05-23 12:38:01,web,NY,0
544,1653,5217,2264.32,2025-10-08 17:30:17,mobile,TX,0
545,1971,5140,2937.18,2025-03-22 20:47:04,tablet,NY,0
546,1882,5615,848.39,2025-07-10 19:34:00,mobile,NY,0
547,1470,5957,3687.0,2025-07-12 11:58:21,mobile,CA,0
548,1142,5209,4315.36,2025-01-31 16:34:07,mobile,CA,0
549,1091,5984,1091.53,2025-04-05 22:39:33,tablet,FL,0
550,1353,5992,487.62,2025-03-18 01:23:45,tablet,WA,0
551,1833,5622,127.96,2025-07-07 23:08:56,mobile,NY,0
552,1799,5615,3213.44,2025-11-13 02:49:28,web,WA,0
553,1726,5827,3039.4,2025-05-10 13:49:55,web,FL,1
554,1958,5682,2738.02,2025-07-28 02:47:59,tablet,NY,0
555,1853,5459,1167.42,2025-05-23 13:36:40,tablet,NY,1
556,1050,5355,1960.62,2025-01-08 01:03:20,tablet,WA,1
557,1664,5323,2976.44,2025-07-11 02:00:13,tablet,TX,0
558,1697,5132,2488.87,2025-05-08 19:28:25,tablet,CA,0
559,1574,5887,4939.05,2025-05-15 17:13:06,web,TX,0
560,1189,5804,690.83,2025-04-19 04:53:00,tablet,WA,0
561,1124,5839,3478.77,2025-04-29 16:51:44,mobile,CA,0
562,1149,5126,2027.55,2025-01-22 14:46:11,mobile,TX,0
563,1313,5105,2146.72,2025-07-15 13:55:39,web,CA,0
564,1569,5603,3590.81,2025-05-23 13:44:11,mobile,NY,0
565,1341,5798,3465.26,2025-06-14 22:29:46,web,TX,0
566,1304,5377,4956.37,2025-08-15 14:53:26,web,CA,0
567,1691,5904,650.69,2025-10-29 18:37:48,mobile,CA,0
568,1681,5050,529.51,2025-03-28 13:26:45,tablet,CA,0
569,1837,5028,3624.45,2025-06-18 11:29:40,mobile,TX,0
570,1782,5461,2896.15,2025-05-12 15:41:39,mobile,FL,0
571,1053,5295,1378.06,2025-05-18 01:55:35,web,TX,0
572,1443,5296,406.3,2025-07-17 18:47:42,mobile,WA,0
573,1612,5725,437.43,2025-04-19 06:57:39,web,TX,0
574,1992,5778,4472.01,2025-01-29 09:52:03,tablet,CA,0
575,1263,5406,967.42,2025-01-22 13:21:54,tablet,NY,0
576,1052,5768,1623.62,2025-10-08 20:29:22,tablet,TX,0
577,1571,5813,1141.02,2025-09-03 12:35:51,mobile,TX,0
578,1619,5612,1781.43,2025-06-07 02:53:27,web,CA,0
579,1004,5404,356.42,2025-04-28 10:41:48,tablet,NY,1
580,1102,5345,2600.11,2025-05-14 03:07:39,web,NY,0
581,1195,5621,347.39,2025-02-15 03:57:46,web,WA,0
582,1773,5419,4003.78,2025-11-13 01:34:34,tablet,TX,0
583,1876,5181,1176.22,2025-10-31 16:28:15,tablet,NY,0
584,1991,5982,2704.66,2025-09-17 11:52:58,web,NY,0
585,1883,5824,4401.59,2025-05-23 03:58:39,tablet,FL,0
586,1349,5000,3257.88,2025-05-12 10:08:24,web,FL,0
587,1046,5830,2669.46,2025-11-15 19:30:51,web,NY,1
588,1866,5949,1628.43,2025-10-29 23:35:23,tablet,WA,0
589,1822,5566,1671.68,2025-01-06 14:38:45,mobile,NY,0
590,1935,5370,3350.74,2025-11-21 00:41:52,tablet,CA,0
591,1819,5935,4970.76,2025-09-16 21:53:59,mobile,TX,0
592,1655,5910,3312.58,2025-08-31 01:21:27,web,WA,0
593,1268,5660,2793.34,2025-03-15 07:39:40,web,CA,0
594,1369,5430,3655.95,2025-10-18 09:56:25,mobile,WA,0
595,1635,5968,2331.38,2025-07-09 20:42:43,web,CA,0
596,1105,5308,310.11,2025-07-22 07:09:49,mobile,TX,0
597,1669,5136,2815.86,2025-06-29 05:18:32,mobile,TX,0
598,1658,5201,4788.55,2025-07-14 01:51:56,web,FL,0
599,1656,5435,884.76,2025-10-21 10:44:35,mobile,CA,0
600,1119,5312,3453.12,2025-07-20 12:41:20,tablet,FL,0
601,1830,5116,1012.66,2025-08-11 17:45:42,tablet,CA,0
602,1786,5665,2683.78,2025-03-24 04:56:21,web,FL,0
603,1603,5936,492.42,2025-05-30 09:36:14,web,TX,0
604,1057,5802,2257.35,2025-11-17 22:26:49,mobile,WA,0
605,1950,5574,3783.26,2025-08-04 19:38:05,mobile,FL,0
606,1345,5243,1744.38,2025-08-02 19:22:34,mobile,CA,0
607,1740,5536,3327.91,2025-10-12 21:32:56,mobile,CA,0
608,1473,5601,3979.3,2025-04-20 09:41:13,tablet,TX,0
609,1116,5074,4636.62,2025-10-01 01:14:57,tablet,CA,0
610,1829,5805,1180.86,2025-10-25 00:59:25,web,NY,0
611,1790,5385,2002.59,2025-09-08 23:10:08,mobile,WA,0
612,1126,5902,770.56,2025-11-10 22:21:51,mobile,FL,0
613,1392,5209,4962.49,2025-10-23 03:33:42,web,WA,0
614,1907,5474,4635.73,2025-03-14 13:44:57,mobile,TX,0
615,1640,5417,2704.39,2025-04-17 13:01:37,mobile,FL,0
616,1057,5346,4211.75,2025-10-05 12:02:24,mobile,FL,0
617,1633,5528,2609.58,2025-04-27 10:45:42,mobile,NY,0
618,1512,5639,3121.69,2025-07-03 08:52:52,mobile,TX,0
619,1750,5938,454.73,2025-10-31 16:26:11,web,CA,0
620,1801,5954,3778.8,2025-03-31 01:23:28,mobile,NY,0
621,1095,5875,647.29,2025-03-25 13:52:18,web,NY,0
622,1637,5762,4132.08,2025-02-07 06:49:30,mobile,WA,0
623,1117,5178,3912.32,2025-06-24 02:00:55,tablet,WA,0
624,1559,5181,3546.64,2025-11-21 00:41:56,tablet,WA,0
625,1600,5663,190.44,2025-04-05 22:45:37,tablet,NY,0
626,1487,5024,1522.61,2025-09-15 16:00:54,tablet,CA,1
627,1236,5966,1322.93,2025-07-02 21:20:43,web,FL,0
628,1884,5179,1807.08,2025-09-28 12:23:27,web,WA,0
629,1896,5709,447.34,2025-11-03 03:25:59,mobile,CA,0
630,1271,5500,4685.42,2025-03-29 06:50:03,tablet,TX,0
631,1188,5855,2773.47,2025-04-02 21:34:23,web,WA,0
632,1998,5160,1534.57,2025-07-06 12:40:44,mobile,FL,0
633,1703,5176,1990.94,2025-07-06 02:28:04,mobile,TX,0
634,1446,5284,2241.54,2025-01-21 13:59:18,web,TX,0
635,1580,5062,3006.97,2025-02-24 18:52:53,tablet,FL,0
636,1789,5661,2583.24,2025-11-07 21:43:19,mobile,WA,0
637,1860,5665,4597.77,2025-08-27 05:39:57,tablet,NY,0
638,1246,5155,2489.85,2025-11-12 09:16:42,tablet,FL,0
639,1962,5881,4960.87,2025-10-25 08:02:47,tablet,FL,0
640,1075,5468,4258.61,2025-06-13 22:52:03,mobile,FL,0
641,1153,5048,1050.47,2025-05-31 00:00:40,tablet,TX,0
642,1655,5966,4653.67,2025-06-30 18:26:43,mobile,CA,0
643,1434,5848,590.67,2025-08-21 18:21:05,tablet,NY,0
644,1996,5083,4089.07,2025-07-03 13:27:51,mobile,WA,0
645,1085,5360,1909.31,2025-08-07 03:48:01,tablet,WA,0
646,1696,5688,4391.09,2025-10-01 01:13:13,web,CA,0
647,1284,5147,4341.6,2025-11-05 07:45:06,tablet,FL,0
648,1973,5629,4031.57,2025-06-29 16:00:16,tablet,NY,0
649,1219,5341,3952.25,2025-09-18 04:00:12,mobile,WA,0
650,1068,5475,1530.35,2025-04-14 06:51:46,mobile,WA,0
651,1046,5062,413.79,2025-03-15 14:39:54,tablet,FL,0
652,1093,5700,2020.87,2025-05-23 23:42:32,web,CA,0
653,1749,5359,875.89,2025-07-30 19:39:56,web,NY,0
654,1957,5560,3477.81,2025-07-11 14:01:17,mobile,CA,0
655,1452,5326,1737.04,2025-09-12 16:44:45,web,CA,0
656,1203,5768,4878.29,2025-04-17 03:56:17,tablet,NY,0
657,1911,5735,3208.45,2025-01-28 18:45:12,mobile,NY,0
658,1217,5140,4114.18,2025-05-08 06:27:38,tablet,WA,0
659,1473,5989,671.3,2025-07-29 11:04:35,mobile,WA,0
660,1431,5214,4311.45,2025-03-23 07:16:02,mobile,NY,0
661,1340,5434,4614.56,2025-08-14 11:02:55,mobile,TX,0
662,1550,5890,2440.44,2025-06-07 07:44:05,mobile,WA,0
663,1611,5951,3035.2,2025-06-23 04:41:46,web,TX,0
664,1288,5722,3826.4,2025-09-20 19:28:15,tablet,NY,0
665,1253,5317,882.44,2025-04-13 19:29:41,tablet,WA,0
666,1733,5031,2517.8,2025-07-26 13:07:03,tablet,CA,0
667,1356,5669,1999.33,2025-03-04 23:20:38,mobile,NY,0
668,1022,5284,740.41,2025-02-28 13:55:08,web,FL,0
669,1761,5304,1844.0,2025-07-26 11:28:08,tablet,TX,0
670,1521,5428,350.18,2025-03-08 19:31:09,web,NY,0
671,1757,5476,138.8,2025-01-16 16:47:35,mobile,NY,0
672,1836,5285,684.48,2025-03-17 09:26:35,tablet,WA,0
673,1099,5143,4815.94,2025-08-18 05:19:10,web,WA,0
674,1801,5423,2752.15,2025-03-20 18:44:48,mobile,WA,0
675,1179,5018,4829.45,2025-06-17 02:51:14,web,FL,0
676,1222,5017,2168.16,2025-07-04 22:42:31,tablet,WA,0
677,1905,5768,1565.96,2025-05-25 21:07:45,tablet,NY,0
678,1761,5589,2535.65,2025-10-19 20:00:04,mobile,WA,1
679,1658,5370,2203.16,2025-03-25 05:57:11,mobile,CA,0
680,1441,5174,537.27,2025-05-03 01:42:32,mobile,WA,0
681,1607,5193,3207.72,2025-06-10 19:32:35,web,FL,0
682,1768,5501,1088.03,2025-06-12 23:06:52,web,CA,0
683,1324,5987,3101.74,2025-07-10 21:48:57,web,NY,0
684,1515,5112,3254.5,2025-02-12 10:13:31,mobile,NY,0
685,1015,5113,768.6,2025-10-19 06:52:38,tablet,TX,0
686,1791,5221,316.13,2025-11-07 01:50:12,tablet,CA,0
687,1335,5677,3906.0,2025-01-11 00:27:14,web,TX,0
688,1758,5946,2304.4,2025-09-10 00:05:50,web,CA,0
689,1257,5830,300.24,2025-03-22 15:01:10,tablet,CA,0
690,1496,5643,4974.38,2025-10-10 05:16:48,tablet,FL,0
691,1987,5896,298.32,2025-08-13 07:31:25,web,TX,1
692,1895,5263,3478.23,2025-10-20 18:23:32,web,FL,0
693,1159,5924,4918.56,2025-03-18 21:04:10,tablet,CA,0
694,1474,5054,1203.51,2025-06-24 05:20:04,mobile,NY,0
695,1851,5870,719.82,2025-03-10 04:47:50,web,CA,1
696,1663,5642,615.71,2025-07-31 12:07:18,tablet,FL,0
697,1907,5799,1523.34,2025-08-24 19:32:21,tablet,TX,0
698,1689,5777,514.22,2025-09-23 16:41:44,tablet,TX,0
699,1674,5457,3463.89,2025-05-08 06:36:38,tablet,FL,0
700,1379,5978,320.84,2025-10-12 00:07:14,mobile,TX,0
701,1544,5877,2552.02,2025-08-31 14:09:11,tablet,WA,0
702,1928,5161,4983.52,2025-08-23 02:12:03,web,NY,0
703,1956,5379,4071.71,2025-05-08 22:13:21,mobile,NY,0
704,1690,5992,3079.94,2025-05-12 02:04:31,tablet,NY,0
705,1426,5086,1538.21,2025-10-23 11:47:42,mobile,TX,0
706,1612,5054,3123.24,2025-01-18 06:32:24,web,TX,0
707,1267,5475,2639.94,2025-03-17 00:25:22,tablet,CA,0
708,1834,5799,2136.16,2025-01-29 14:26:34,web,CA,0
709,1576,5177,662.24,2025-10-15 18:14:46,tablet,NY,0
710,1416,5390,4434.16,2025-09-09 01:45:52,tablet,WA,0
711,1167,5348,2254.43,2025-08-02 16:49:51,tablet,CA,0
712,1841,5007,981.17,2025-06-13 03:38:15,tablet,CA,0
713,1042,5832,1845.12,2025-02-22 15:07:41,tablet,TX,0
714,1555,5312,2076.51,2025-06-18 21:37:37,mobile,WA,0
715,1284,5758,4139.41,2025-10-29 04:57:02,tablet,NY,0
716,1396,5834,3670.74,2025-06-22 11:10:03,tablet,CA,0
717,1011,5983,3848.83,2025-09-18 08:26:03,mobile,WA,0
718,1606,5982,65.05,2025-09-13 22:22:03,mobile,WA,0
719,1301,5442,2086.61,2025-07-16 02:32:35,mobile,NY,0
720,1897,5766,2411.91,2025-04-20 21:17:20,mobile,WA,0
721,1252,5327,105.77,2025-08-09 09:04:42,mobile,WA,0
722,1498,5053,1306.47,2025-01-22 18:06:13,mobile,WA,0
723,1753,5760,3803.85,2025-07-23 03:51:50,tablet,CA,1
724,1034,5238,694.18,2025-04-29 06:18:35,tablet,NY,0
725,1726,5228,2681.2,2025-08-16 21:24:46,web,WA,0
726,1848,5578,1083.86,2025-06-17 06:15:49,tablet,WA,0
727,1089,5050,70.48,2025-02-18 11:18:43,tablet,CA,0
728,1775,5608,1213.6,2025-02-06 09:29:36,mobile,NY,0
729,1604,5603,4879.61,2025-02-23 12:43:07,mobile,TX,0
730,1921,5263,4009.67,2025-09-21 07:22:22,tablet,CA,0
731,1969,5417,4798.29,2025-01-28 13:15:34,web,NY,0
732,1601,5802,2444.39,2025-11-22 16:11:42,mobile,WA,0
733,1417,5095,557.58,2025-06-16 01:04:24,tablet,NY,0
734,1114,5087,2744.32,2025-07-07 14:12:13,tablet,NY,0
735,1616,5077,2277.34,2025-04-15 14:38:19,web,NY,0
736,1902,5287,4223.34,2025-01-31 08:46:03,web,TX,0
737,1195,5119,499.43,2025-10-06 16:56:11,mobile,NY,0
738,1825,5813,2446.32,2025-11-09 10:59:30,web,TX,0
739,1500,5490,758.74,2025-09-11 18:50:38,tablet,WA,0
740,1625,5911,1630.13,2025-03-27 10:08:50,tablet,TX,0
741,1492,5451,3689.41,2025-06-12 15:08:16,web,WA,0
742,1074,5499,2385.33,2025-01-08 06:32:33,web,WA,0
743,1412,5164,1885.68,2025-06-24 03:53:40,web,TX,0
744,1375,5181,1978.44,2025-02-15 05:10:24,web,CA,0
745,1419,5468,2302.64,2025-06-27 19:44:03,mobile,FL,0
746,1728,5909,3927.23,2025-08-26 08:55:13,web,NY,0
747,1276,5734,4461.5,2025-03-13 18:24:44,mobile,FL,0
748,1760,5822,4777.12,2025-09-06 02:59:51,tablet,NY,0
749,1675,5943,3936.65,2025-03-16 05:59:39,web,NY,0
750,1393,5977,1583.88,2025-03-29 07:21:25,mobile,WA,0
751,1868,5006,3443.79,2025-09-08 11:53:32,web,NY,0
752,1456,5329,2193.64,2025-03-16 23:02:39,tablet,NY,0
753,1919,5774,1280.81,2025-03-07 19:23:53,tablet,TX,0
754,1191,5672,4205.95,2025-04-06 22:27:18,tablet,FL,0
755,1738,5150,201.75,2025-01-21 11:52:31,web,TX,0
756,1688,5084,4509.79,2025-01-24 09:38:40,web,NY,0
757,1098,5146,2312.77,2025-05-07 19:57:46,mobile,WA,0
758,1547,5623,3189.64,2025-02-07 00:59:07,tablet,TX,0
759,1977,5380,3300.18,2025-07-10 10:25:43,web,TX,0
760,1998,5914,4476.64,2025-05-08 04:15:59,tablet,CA,0
761,1095,5547,3186.98,2025-06-21 12:27:52,tablet,NY,0
762,1663,5284,3073.53,2025-08-22 02:07:15,mobile,WA,0
763,1662,5699,342.59,2025-11-06 18:38:49,mobile,TX,0
764,1189,5081,2596.86,2025-07-10 00:44:16,mobile,TX,0
765,1735,5513,759.34,2025-09-27 21:56:56,mobile,WA,0
766,1036,5896,3689.79,2025-04-22 16:22:18,tablet,NY,0
767,1779,5814,2565.99,2025-04-10 18:22:51,mobile,CA,0
768,1368,5708,3404.34,2025-09-27 00:03:26,mobile,TX,0
769,1694,5915,217.95,2025-04-11 01:38:26,mobile,CA,1
770,1524,5522,433.11,2025-05-25 03:28:20,mobile,FL,0
771,1278,5745,3584.45,2025-02-21 01:33:19,tablet,NY,0
772,1216,5385,369.7,2025-02-09 11:16:52,mobile,FL,0
773,1866,5706,365.57,2025-02-18 18:59:56,tablet,FL,0
774,1872,5470,70.42,2025-07-03 08:31:16,web,FL,0
775,1797,5118,4782.94,2025-11-10 23:49:20,tablet,NY,0
776,1272,5395,3690.17,2025-03-28 18:09:24,tablet,NY,1
777,1880,5531,1772.72,2025-02-28 04:34:34,mobile,WA,0
778,1061,5260,1489.71,2025-04-09 18:13:28,web,CA,0
779,1595,5804,1755.02,2025-05-02 22:35:18,web,CA,0
780,1879,5933,3875.52,2025-09-27 00:48:57,web,WA,0
781,1728,5255,3310.24,2025-02-03 00:13:32,web,WA,0
782,1341,5733,934.13,2025-11-21 11:55:18,tablet,FL,0
783,1396,5904,878.81,2025-01-29 19:36:28,web,WA,0
784,1698,5225,500.99,2025-06-19 20:15:13,tablet,TX,0
785,1018,5052,3304.91,2025-01-07 00:31:32,tablet,CA,0
786,1176,5939,3824.22,2025-02-16 04:13:26,tablet,WA,0
787,1611,5866,1332.58,2025-08-01 16:50:42,web,TX,0
788,1395,5499,114.52,2025-03-09 05:27:31,mobile,TX,0
789,1444,5505,420.04,2025-09-10 23:10:23,mobile,TX,0
790,1232,5853,4839.62,2025-06-06 21:03:56,web,TX,0
791,1914,5363,1484.27,2025-02-18 17:36:23,mobile,FL,1
792,1075,5279,3848.42,2025-05-02 02:24:22,mobile,TX,0
793,1264,5592,3127.07,2025-10-03 01:56:32,tablet,FL,0
794,1454,5713,1915.88,2025-09-24 16:49:59,tablet,FL,0
795,1795,5157,1036.38,2025-01-15 01:58:14,web,TX,0
796,1717,5631,615.72,2025-08-28 13:11:43,web,CA,0
797,1734,5058,3078.91,2025-07-08 10:43:15,mobile,TX,0
798,1383,5726,3875.42,2025-07-28 20:00:17,tablet,TX,0
799,1563,5127,3223.08,2025-09-09 09:27:38,web,TX,0
800,1850,5735,2656.21,2025-04-01 18:26:33,web,CA,0
801,1505,5720,219.34,2025-05-15 07:14:23,web,NY,0
802,1366,5881,4842.76,2025-07-05 08:33:48,web,NY,0
803,1143,5114,3995.58,2025-11-17 05:30:27,web,FL,0
804,1884,5208,1471.18,2025-05-14 15:45:57,web,FL,0
805,1068,5525,4900.05,2025-11-16 05:03:43,mobile,CA,0
806,1098,5520,3013.39,2025-07-29 00:53:33,tablet,WA,0
807,1395,5551,2916.29,2025-08-16 22:08:53,tablet,NY,0
808,1024,5961,3742.89,2025-10-04 00:28:21,web,FL,0
809,1947,5236,4060.73,2025-02-22 17:01:15,tablet,NY,0
810,1890,5280,3285.83,2025-02-27 19:05:46,tablet,CA,0
811,1468,5358,649.2,2025-01-26 23:49:58,tablet,CA,0
812,1483,5200,1697.95,2025-08-21 23:36:17,web,WA,0
813,1564,5757,4641.14,2025-01-26 20:48:46,web,WA,0
814,1150,5277,1130.83,2025-03-02 04:00:31,tablet,CA,0
815,1143,5234,1867.11,2025-09-26 12:03:11,tablet,FL,0
816,1568,5493,2166.06,2025-01-06 23:40:25,web,NY,0
817,1038,5003,2202.63,2025-07-18 09:31:22,mobile,TX,0
818,1108,5665,3068.57,2025-01-21 21:14:21,tablet,WA,0
819,1692,5441,4715.95,2025-05-21 17:32:40,mobile,TX,0
820,1041,5028,1211.06,2025-01-28 04:00:18,tablet,FL,0
821,1185,5108,616.29,2025-03-29 15:01:30,mobile,WA,0
822,1934,5609,995.38,2025-06-27 23:11:16,mobile,TX,0
823,1397,5726,4435.76,2025-05-12 22:45:07,mobile,FL,0
824,1222,5804,3232.6,2025-02-26 06:49:37,web,NY,0
825,1633,5074,1436.67,2025-11-23 13:49:31,mobile,FL,0
826,1132,5837,4081.58,2025-09-17 00:53:13,mobile,WA,0
827,1162,5145,4308.24,2025-01-01 20:49:02,mobile,CA,0
828,1214,5127,4234.11,2025-10-26 14:11:42,tablet,NY,0
829,1732,5852,4595.44,2025-07-12 23:10:06,mobile,TX,0
830,1234,5041,1268.68,2025-05-27 12:20:43,tablet,WA,0
831,1842,5355,3777.66,2025-08-12 10:59:29,mobile,CA,0
832,1657,5040,2308.09,2025-08-25 07:08:18,mobile,FL,0
833,1750,5933,4211.57,2025-10-13 15:42:27,web,CA,0
834,1587,5033,3645.17,2025-09-10 04:28:39,tablet,WA,1
835,1008,5016,3884.47,2025-01-07 18:42:22,mobile,WA,0
836,1073,5676,3284.25,2025-05-28 05:45:03,tablet,CA,0
837,1953,5152,895.37,2025-01-31 03:10:32,tablet,FL,0
838,1491,5997,2729.68,2025-03-05 08:22:07,web,CA,0
839,1912,5377,4923.5,2025-05-13 02:43:37,web,WA,0
840,1252,5587,4687.57,2025-03-17 07:22:06,web,WA,0
841,1229,5598,225.44,2025-11-23 15:23:08,web,TX,0
842,1518,5628,832.43,2025-08-30 03:24:13,web,TX,0
843,1173,5873,667.33,2025-06-10 11:06:47,web,NY,0
844,1652,5341,3632.64,2025-07-01 20:50:17,web,WA,0
845,1167,5980,4090.75,2025-08-29 02:39:09,web,TX,1
846,1169,5026,1075.42,2025-06-29 07:32:39,mobile,CA,0
847,1392,5824,2534.2,2025-04-18 10:09:50,tablet,FL,1
848,1945,5286,4205.11,2025-04-26 21:41:36,web,CA,0
849,1794,5645,3666.68,2025-06-04 11:16:14,web,FL,0
850,1633,5730,2715.76,2025-06-18 22:23:15,tablet,TX,0
851,1193,5167,2955.83,2025-01-26 20:47:33,mobile,NY,0
852,1516,5609,2546.72,2025-02-13 18:51:33,tablet,CA,0
853,1028,5267,1494.77,2025-11-06 03:12:09,tablet,CA,0
854,1164,5748,2829.46,2025-06-08 10:50:56,web,CA,0
855,1421,5820,3447.54,2025-04-19 23:39:41,tablet,FL,0
856,1338,5454,4367.88,2025-01-06 23:52:25,tablet,TX,0
857,1647,5905,3185.09,2025-07-31 18:42:53,web,CA,0
858,1495,5684,3808.0,2025-09-23 07:51:52,web,CA,0
859,1364,5400,808.76,2025-08-27 10:17:29,web,NY,0
860,1832,5921,2313.17,2025-01-17 08:14:51,web,NY,0
861,1341,5980,56.56,2025-09-27 08:10:08,tablet,TX,0
862,1499,5475,1240.93,2025-01-14 18:50:21,tablet,TX,0
863,1656,5701,3635.04,2025-07-20 13:22:18,mobile,WA,0
864,1510,5633,4959.13,2025-03-16 10:04:46,mobile,NY,0
865,1326,5557,504.9,2025-08-03 20:31:19,tablet,WA,0
866,1216,5575,2013.46,2025-08-15 11:01:23,mobile,FL,0
867,1300,5129,4002.35,2025-08-27 02:29:37,tablet,WA,0
868,1131,5821,1028.14,2025-10-29 18:27:38,mobile,CA,0
869,1803,5362,2779.87,2025-11-13 07:14:11,web,WA,0
870,1069,5704,3668.03,2025-10-22 14:41:07,mobile,TX,0
871,1251,5818,3083.77,2025-07-25 21:22:59,web,FL,0
872,1414,5692,948.24,2025-10-14 07:11:00,web,CA,0
873,1786,5291,1783.37,2025-01-31 10:39:52,web,WA,1
874,1444,5370,3921.12,2025-01-24 19:57:06,web,FL,0
875,1875,5793,2775.59,2025-10-21 20:50:49,mobile,FL,0
876,1181,5028,36.1,2025-04-22 06:57:52,tablet,CA,0
877,1166,5148,3807.34,2025-10-04 05:30:26,web,WA,0
878,1090,5778,186.2,2025-03-14 16:59:24,mobile,FL,0
879,1713,5295,3731.21,2025-01-23 20:44:57,web,FL,0
880,1857,5010,1020.38,2025-01-30 12:25:19,mobile,NY,0
881,1530,5511,4790.79,2025-02-14 07:45:02,mobile,FL,0
882,1038,5675,1846.02,2025-03-22 07:56:55,mobile,NY,0
883,1125,5112,1641.39,2025-05-12 23:04:25,tablet,WA,0
884,1450,5186,752.95,2025-01-24 05:05:33,mobile,WA,0
885,1172,5806,1534.97,2025-11-02 16:36:38,mobile,WA,0
886,1652,5743,4384.49,2025-07-24 21:30:28,tablet,TX,0
887,1753,5226,4981.71,2025-09-15 07:57:24,tablet,WA,0
888,1219,5309,1847.86,2025-09-30 22:02:39,mobile,FL,0
889,1637,5097,2248.57,2025-06-18 04:15:24,tablet,CA,0
890,1057,5054,3613.13,2025-08-12 10:40:31,web,NY,0
891,1659,5622,4432.12,2025-01-19 05:24:33,web,TX,0
892,1475,5663,2969.29,2025-05-11 09:41:21,tablet,WA,0
893,1455,5757,1963.71,2025-04-06 20:36:15,tablet,WA,0
894,1828,5405,2068.98,2025-09-17 19:57:29,mobile,CA,0
895,1894,5068,3481.13,2025-09-01 14:46:40,tablet,CA,0
896,1360,5311,26.06,2025-06-24 19:16:31,mobile,TX,0
897,1934,5288,3101.75,2025-04-20 03:54:26,web,NY,0
898,1000,5761,1783.91,2025-04-02 00:53:01,tablet,WA,0
899,1386,5547,3973.04,2025-11-19 07:19:41,mobile,TX,0
900,1972,5750,474.02,2025-10-14 22:19:54,mobile,FL,0
901,1347,5147,2945.13,2025-08-15 14:45:36,web,FL,0
902,1189,5466,2410.05,2025-08-13 13:13:58,tablet,TX,0
903,1504,5738,3215.2,2025-05-25 13:16:54,web,WA,0
904,1190,5243,333.62,2025-10-21 09:14:52,mobile,TX,0
905,1507,5490,2904.12,2025-05-12 15:17:24,mobile,WA,0
906,1368,5848,2811.81,2025-11-21 15:41:19,tablet,CA,1
907,1408,5957,2807.69,2025-06-17 05:44:14,mobile,TX,0
908,1823,5506,3021.4,2025-06-16 20:43:33,tablet,WA,0
909,1928,5364,3385.58,2025-05-08 02:49:52,web,TX,0
910,1933,5481,4026.9,2025-01-13 08:10:10,tablet,TX,0
911,1116,5200,1356.41,2025-02-19 06:15:22,tablet,WA,0
912,1133,5153,4127.0,2025-11-03 14:24:11,mobile,WA,0
913,1057,5449,2496.3,2025-04-01 18:53:39,mobile,NY,0
914,1555,5500,394.52,2025-01-24 05:41:39,tablet,TX,0
915,1684,5072,302.17,2025-02-10 18:59:11,mobile,FL,0
916,1671,5712,1677.85,2025-11-04 17:41:03,mobile,TX,0
917,1172,5295,3926.64,2025-05-30 06:08:08,mobile,TX,0
918,1828,5016,3541.33,2025-06-15 14:10:07,tablet,WA,0
919,1814,5640,3945.19,2025-09-28 10:37:04,mobile,TX,0
920,1148,5216,2591.17,2025-04-05 00:36:25,tablet,TX,0
921,1079,5060,2206.59,2025-02-18 22:04:22,mobile,FL,0
922,1885,5938,745.79,2025-06-13 14:35:24,web,WA,0
923,1212,5615,1647.68,2025-02-03 05:29:19,mobile,TX,0
924,1202,5041,2175.76,2025-10-04 13:53:31,mobile,CA,1
925,1763,5024,452.12,2025-02-04 05:26:52,tablet,NY,0
926,1228,5038,1110.85,2025-06-29 17:05:20,tablet,FL,0
927,1675,5802,2995.14,2025-05-09 14:15:52,mobile,TX,0
928,1226,5130,3680.96,2025-05-18 09:41:30,web,CA,0
929,1658,5497,4991.75,2025-03-08 23:22:37,mobile,TX,0
930,1531,5228,4666.24,2025-07-20 18:39:33,mobile,TX,0
931,1440,5107,3216.4,2025-04-22 23:59:34,web,WA,0
932,1401,5171,2112.03,2025-11-11 23:29:45,tablet,WA,0
933,1046,5434,3184.53,2025-02-04 15:52:05,mobile,WA,0
934,1232,5477,3930.4,2025-09-18 22:59:11,tablet,CA,0
935,1304,5101,600.5,2025-08-22 20:17:35,tablet,TX,0
936,1525,5865,2055.43,2025-01-25 07:32:36,web,NY,0
937,1142,5523,4200.61,2025-10-17 07:23:01,web,FL,0
938,1414,5274,1925.33,2025-04-13 05:22:21,tablet,WA,0
939,1512,5612,2863.64,2025-02-16 17:02:00,mobile,WA,0
940,1372,5043,2942.97,2025-02-17 02:00:59,tablet,TX,0
941,1565,5954,930.54,2025-10-18 07:54:01,mobile,TX,1
942,1885,5816,1817.55,2025-05-15 00:43:20,mobile,CA,0
943,1258,5956,1679.21,2025-07-16 00:48:10,web,CA,0
944,1655,5016,140.72,2025-09-05 10:28:51,mobile,WA,0
945,1470,5329,130.72,2025-09-20 11:41:34,mobile,TX,0
946,1952,5568,4160.17,2025-02-20 02:36:08,tablet,NY,0
947,1970,5822,1372.62,2025-04-25 03:13:29,web,FL,0
948,1011,5496,2595.21,2025-01-01 00:34:50,mobile,TX,0
949,1329,5814,1500.64,2025-11-03 02:38:53,mobile,TX,0
950,1735,5011,4703.99,2025-01-08 08:55:19,web,CA,0
951,1783,5317,1303.89,2025-03-17 01:09:36,tablet,FL,0
952,1967,5591,2153.99,2025-01-27 04:44:54,web,WA,0
953,1357,5215,4364.92,2025-11-10 18:50:58,web,TX,0
954,1971,5338,4211.25,2025-08-15 17:57:40,mobile,WA,0
955,1407,5775,938.65,2025-05-13 07:12:40,mobile,TX,0
956,1667,5990,4015.19,2025-07-27 06:50:01,tablet,WA,0
957,1372,5660,2296.35,2025-08-18 12:26:31,mobile,FL,0
958,1007,5080,2420.01,2025-07-22 10:21:17,mobile,CA,1
959,1121,5726,676.07,2025-09-15 14:34:03,web,FL,0
960,1347,5484,412.2,2025-04-10 17:34:24,mobile,NY,0
961,1675,5373,3642.42,2025-01-16 18:25:46,tablet,CA,0
962,1089,5975,2487.34,2025-06-17 09:07:38,web,FL,0
963,1647,5709,2189.89,2025-05-14 20:17:22,tablet,NY,0
964,1697,5199,3650.25,2025-09-24 08:30:37,web,TX,0
965,1315,5536,3829.91,2025-09-05 17:28:01,mobile,TX,1
966,1177,5465,802.95,2025-05-29 08:29:32,web,WA,0
967,1539,5088,3055.02,2025-09-30 15:05:19,web,CA,0
968,1731,5267,685.42,2025-10-23 12:40:06,mobile,TX,0
969,1868,5654,3759.36,2025-03-20 12:24:15,mobile,CA,0
970,1040,5570,3288.21,2025-01-07 08:27:50,tablet,TX,0
971,1739,5921,4783.51,2025-08-16 17:59:35,tablet,WA,0
972,1703,5488,354.1,2025-10-24 15:50:05,mobile,FL,0
973,1922,5876,294.7,2025-07-11 11:16:11,mobile,WA,0
974,1501,5537,1418.11,2025-04-28 16:55:09,mobile,NY,0
975,1958,5046,1315.91,2025-03-29 13:11:57,web,TX,0
976,1144,5287,1242.42,2025-09-16 12:13:24,web,NY,0
977,1200,5777,4532.21,2025-06-20 10:52:18,web,NY,0
978,1928,5015,1255.24,2025-05-11 17:35:51,mobile,CA,0
979,1723,5710,1367.03,2025-03-31 22:36:48,tablet,TX,0
980,1460,5400,3799.4,2025-09-14 01:35:27,mobile,NY,0
981,1731,5918,2254.2,2025-06-16 10:11:23,web,FL,0
982,1751,5793,3885.79,2025-01-09 10:43:30,web,NY,1
983,1924,5980,336.18,2025-03-23 13:37:10,mobile,FL,0
984,1908,5085,2442.98,2025-04-07 10:39:24,mobile,CA,0
985,1557,5249,177.73,2025-05-06 01:10:53,web,NY,0
986,1546,5390,322.64,2025-02-24 16:31:55,web,WA,0
987,1252,5781,4533.12,2025-10-09 09:35:15,web,CA,0
988,1389,5334,704.83,2025-10-08 00:51:04,mobile,FL,0
989,1593,5628,2666.78,2025-11-12 21:49:35,web,CA,0
990,1882,5518,2061.37,2025-07-21 22:51:03,web,NY,0
991,1255,5136,1743.24,2025-06-18 12:32:55,tablet,TX,1
992,1708,5882,4500.17,2025-02-06 23:39:12,mobile,TX,0
993,1814,5687,118.9,2025-01-19 18:26:05,tablet,FL,0
994,1920,5839,3322.31,2025-03-04 13:08:38,tablet,FL,0
995,1449,5497,4817.34,2025-01-01 14:05:28,web,TX,0
996,1009,5826,2805.24,2025-10-11 07:46:30,mobile,FL,0
997,1823,5726,4684.74,2025-02-25 04:29:29,web,CA,0
998,1797,5476,270.77,2025-06-03 10:33:22,mobile,WA,0
999,1241,5593,2099.78,2025-03-25 02:44:20,tablet,WA,0
1000,1250,5222,1308.19,2025-08-14 07:18:24,mobile,CA,0
